Taxon_full,Taxon,community,bio1,bio2,bio7,FDD,GDD,Snw
Agrostis schleicheri,Agrostis schleicheri,Temperate,4.089865242,3.20422427,24.42857143,0,980.3214286,205
Alchemilla catalaunica,Alchemilla catalaunica,Temperate,4.515722931,2.94401548,22.25074336,9.547302291,1100.518002,98.37028825
Androsace villosa,Androsace villosa,Temperate,5.077703812,3.904994171,24.0457012,26.57815582,1308.182273,86.25295858
Anemone pavoniana,Anemone pavoniana,Temperate,4.500865801,2.869787739,21.92857143,0,1082.785714,72
Anthyllis vulneraria,Anthyllis vulneraria,Temperate,3.819639038,3.041165145,23.29638534,52.357748,925.3550249,90.22550832
Arabis alpina,Arabis alpina,Temperate,3.636601078,2.434581761,21.17322407,13.57075472,804.984726,64.71698113
Arenaria erinacea,Arenaria erinacea,Temperate,5.507462387,4.558998367,26.04332149,17.76017812,1379.760723,75.10687023
Arenaria grandiflora,Arenaria grandiflora,Temperate,3.346236533,2.442222617,21.89320276,16.51527778,733.3412698,130.8
Arenaria moehringioides,Arenaria moehringioides,Temperate,3.425706749,2.399155573,21.56020514,51.8844086,790.9385561,79.61290323
Arenaria purpurascens,Arenaria purpurascens,Temperate,4.238876791,2.942562102,22.965961,31.69468705,1025.533739,103.7292576
Armeria cantabrica,Armeria cantabrica,Temperate,3.250154598,2.22915828,21.12912064,26.54703196,712.851022,116.8986301
Asplenium viride,Asplenium viride,Temperate,4.307082344,2.480128474,22.67741935,44.58333333,1055.5,84
Botrychium lunaria,Botrychium lunaria,Temperate,3.232930268,2.065833249,19.03225806,0.875,706.3988095,95
Carduus carlinoides,Carduus carlinoides,Temperate,3.322232615,2.421173117,21.41935484,39.58333333,764.4880952,107
Carex ornithopoda,Carex ornithopoda,Temperate,3.330795725,2.354027388,19.98072895,17.42424242,718.3679654,36.45454545
Carex pulicaris,Carex pulicaris,Temperate,3.115864428,2.36652028,20.30645161,0,633.9166667,49
Carex sempervirens,Carex sempervirens,Temperate,4.740472248,3.496263931,23.77100482,25.45632184,1191.844089,92.92183908
Cystopteris fragilis,Cystopteris fragilis,Temperate,5.249747606,3.399266061,21.50389933,10.19230769,1340.734432,85.53846154
Dethawia splendens subsp. cantabrica,Dethawia splendens,Temperate,4.617589269,3.417368777,24.21443279,30.12056738,1162.726444,109.9007092
Draba dedeana,Draba dedeana,Temperate,5.30604931,4.94554387,26.12903226,38.83333333,1399.809524,80
Epilobium anagallidifolium,Epilobium anagallidifolium,Temperate,3.688915363,2.972449728,24.85714286,4.5,812.0833333,188
Erigeron alpinus,Erigeron alpinus,Temperate,4.645345963,3.520614482,25.26060702,9.33908046,1114.119458,149.6551724
Erinus alpinus,Erinus alpinus,Temperate,4.307082344,2.480128474,22.67741935,44.58333333,1055.5,84
Eryngium bourgatii,Eryngium bourgatii,Temperate,4.317666949,3.026212296,24.22580645,4.375,998.797619,128.25
Euphorbia pyrenaica,Euphorbia pyrenaica,Temperate,5.26955243,4.113192374,25.46360802,20.88235294,1331.120798,99.23529412
Euphrasia salisburgensis,Euphrasia salisburgensis,Temperate,4.527201027,3.759040118,24.67246195,91.76767677,1219.895743,79
Festuca glacialis,Festuca glacialis,Temperate,3.069495591,2.147337705,20.69854661,24.74230769,649.4185714,102.0676923
Festuca gr. rubra,Festuca rubra,Temperate,4.311377849,3.111056439,23.42758122,29.44416568,1052.028117,105.6251476
Festuca hystrix,Festuca hystrix,Temperate,5.176145945,3.889317909,24.10575635,47.2318314,1367.433555,77.71511628
Festuca picoeuropeana,Festuca picoeuropeana,Temperate,4.939715276,3.490113495,23.36648333,13.26164875,1232.889171,92.46236559
Galium pumilum,Galium pumilum,Temperate,3.799558517,2.161223118,19.97580645,17.08333333,843.4642857,46
Galium pyrenaicum,Galium pyrenaicum,Temperate,3.892187084,3.97352689,27.78138958,154.074359,1049.766484,67.21538462
Genista legionensis,Genista legionensis,Temperate,4.928922906,3.527229306,25.32517281,7.005208333,1227.577381,153.5
Gentiana nivalis,Gentiana nivalis,Temperate,4.06214722,2.992024362,22.55336406,37.88777778,986.5071429,85.89333333
Gentiana verna,Gentiana verna,Temperate,4.811091185,3.81377202,25.21914386,11.77409639,1191.611446,112.2409639
Gentianella campestris,Gentianella campestris,Temperate,4.918235349,3.528634269,23.92165899,2.5,1205.845238,67
Gnaphalium hoppeanum,Gnaphalium hoppeanum,Temperate,3.538402184,2.897622598,25.40387922,1.493781095,746.3091684,156.4925373
Gypsophila repens,Gypsophila repens,Temperate,5.125803362,4.324712522,25.34434305,41.29560367,1351.382358,92.73622047
Helianthemum apenninum subsp. cantabricum,Helianthemum apenninum,Temperate,4.280437148,2.922596355,24.53225806,54.08333333,1045.797619,139
Helianthemum apenninum subsp. urrielense,Helianthemum urrielense,Temperate,3.825430204,2.822890924,22.86773126,24.34729791,885.5083474,113.2134423
Helianthemum canum,Helianthemum canum,Temperate,4.909893873,3.764841054,24.41754973,34.29973632,1249.728334,81.92635025
Helictotrichon sedenense,Helictotrichon sedenense,Temperate,3.931946289,3.245040788,24.11904854,64.60169661,967.2147277,83.6011976
Herniaria glabra,Herniaria glabra,Temperate,3.387619822,2.850521021,23.32258065,50.16666667,786.6130952,84
Hippocrepis comosa,Hippocrepis comosa,Temperate,4.697765735,3.886920018,26.5872434,3.333333333,1133.412879,153.5
Hornungia alpina,Hornungia alpina,Temperate,3.861089997,2.449484783,21.54919087,8.726744186,911.949296,184.6877076
Iberis carnosa,Iberis carnosa,Temperate,3.546173434,2.814515269,23.69796197,83.19248826,880.7501677,116.0140845
Jacobaea boissieri,Jacobaea boissieri,Temperate,5.152174875,4.909020244,27.03225806,69.33333333,1395.928571,88
Jasione cavanillesii,Jasione cavanillesii,Temperate,3.208366983,2.090462888,20.71320565,22.05989583,668.6060268,77.90625
Jurinea humilis,Jurinea humilis,Temperate,5.16884058,3.932824873,24.24718382,26.25347222,1338.289793,90.5
Kobresia myosuroides,Kobresia myosuroides,Temperate,4.515363863,3.538378042,23.32844575,88.37121212,1241.518398,85.81818182
Koeleria vallesiana,Koeleria vallesiana,Temperate,4.617304417,3.30624243,23.99237721,32.48618001,1146.15369,114.8263643
Linaria alpina,Linaria alpina,Temperate,3.866488145,2.672613194,22.18894009,18.16666667,885.2708333,96.5
Lotus corniculatus,Lotus corniculatus,Temperate,4.945091155,3.523142645,23.93286069,13.30512821,1245.097253,103.1230769
Luzula pediformis,Luzula pediformis,Temperate,3.776352413,2.525751667,22.23827486,0.865591398,862.2314708,202.7983871
Minuartia verna,Minuartia verna,Temperate,4.471455206,3.442444867,24.39019156,50.77736928,1114.302883,77.57843137
Oxytropis neglecta,Oxytropis neglecta,Temperate,5.176755616,4.432591944,27.81671554,33.10606061,1249.542208,48.09090909
Paronychia kapela subsp. serpyllifolia,Paronychia kapela,Temperate,5.493782099,4.57653028,27.26459293,16.11111111,1397.037698,118.1666667
Pedicularis pyrenaica,Pedicularis pyrenaica,Temperate,4.585517499,3.724286312,23.76357579,75.09459459,1232.6213,74.05405405
Phyteuma orbiculare,Phyteuma orbiculare,Temperate,5.095699964,3.420903115,23.49346904,12.88631347,1290.375512,97.31788079
Pilosella officinarum,Pilosella officinarum,Temperate,4.735679488,3.870274855,26.07258065,14.39285714,1151.261054,105.1428571
Plantago alpina,Plantago alpina,Temperate,4.177050101,2.90878305,22.85206377,24.46103471,996.8454369,87.75638507
Poa alpina,Poa alpina,Temperate,3.739232822,2.430496527,21.68049155,5.666666667,804.7619048,94
Potentilla crantzii,Potentilla crantzii,Temperate,4.568837572,3.378832072,23.94057125,38.89768977,1130.751061,83.15841584
Ranunculus carinthiacus,Ranunculus carinthiacus,Temperate,4.019023403,2.749607434,22.97690694,33.61318408,941.4863184,65.48507463
Ranunculus parnassiifolius subsp. favargeri,Ranunculus parnassiifolius,Temperate,3.5166194,3.085490726,24.71935484,105.427451,895.5051821,98.37647059
Salix breviserrata,Salix breviserrata,Temperate,3.708179287,3.380394201,26.29493088,169.5873016,1001.556122,38.66666667
Saxifraga conifera,Saxifraga conifera,Temperate,4.301506616,3.253477871,24.41557175,44.33255814,1049.892839,81.34573643
Saxifraga oppositifolia,Saxifraga oppositifolia,Temperate,3.881652566,3.893753112,26.42903226,134.4,1037.807143,77.6
Saxifraga paniculata,Saxifraga paniculata,Temperate,4.229785179,3.198362659,25.06221198,7.666666667,998.9583333,152.5
Scilla verna,Scilla verna,Temperate,4.852873803,3.887542708,26.193702,7.372222222,1194.097222,141.5666667
Sedum album,Sedum album,Temperate,4.188052646,2.777215556,22.84775559,38.74074074,1014.204145,128.8518519
Sedum atratum,Sedum atratum,Temperate,3.773096448,2.817436238,23.26761027,61.4375,911.5826956,81.19642857
Sempervivum vicentei,Sempervivum vicentei,Temperate,4.675528043,3.005516609,21.95863684,33.09408602,1175.108103,93.96774194
Silene acaulis,Silene acaulis,Temperate,3.299062967,2.538264238,22.14572792,51.61478934,761.3895918,93.00085985
Silene ciliata,Silene ciliata,Temperate,3.767430042,2.806506979,24.07306336,58.06191806,890.7481445,134.3463687
Teucrium pyrenaicum,Teucrium pyrenaicum,Temperate,5.109751897,3.413922637,24.62442396,10.66666667,1294.630952,128
Thesium pyrenaicum,Thesium pyrenaicum,Temperate,5.022424708,3.206214216,22.21889401,3.625,1266.791667,78
Thymus praecox subsp. ligusticus,Thymus praecox,Temperate,4.297131207,3.299570126,24.56155972,38.09660523,1039.014729,101.4522684
Veronica nummularia,Veronica nummularia,Temperate,3.445665535,2.644332482,21.83986175,10.98809524,770.0918367,156.6428571
Viola rupestris,Viola rupestris,Temperate,4.190358371,2.896923999,21.88940092,19.11666667,1022.571429,95
